<?xml version="1.0" encoding="UTF-8"?>
<!DOCTYPE xml>
<configuration>

	<appender name="STDOUT"
		class="ch.qos.logback.core.ConsoleAppender">
		<!-- encoders are assigned the type ch.qos.logback.classic.encoder.PatternLayoutEncoder 
			by default <encoder> <pattern>%d{HH:mm:ss.SSS} [%thread] %-5level %logger{36} 
			- %msg%n</pattern> </encoder> -->

		<!-- <encoder class="net.logstash.logback.encoder.LogstashEncoder"> <fieldNames> 
			<timestamp>logtimestamp</timestamp> <message>msg</message> <stackTrace>stacktrace</stackTrace> 
			</fieldNames> -->
		<encoder
			class="net.logstash.logback.encoder.LoggingEventCompositeJsonEncoder">
			<providers>
				<!-- provides the timestamp -->
				<timestamp>
					<fieldName>@logtimestamp</fieldName>
					<pattern>yyyy-MM-dd HH:mm:ss.SSS z</pattern>
					<timeZone>Asia/Kuala_Lumpur</timeZone>
				</timestamp>
				<!-- provides the version -->
				<version />

				<!-- provides the fields in the configured pattern -->
				<pattern>
					<!-- the pattern that defines what to include -->
					<omitEmptyFields>true</omitEmptyFields>
					<pattern>
						{
						"logger": "%logger",
						"level": "%level",
						"thread":
						"%thread",
						"msg": "#tryJson{%message}"
						}
					</pattern>
				</pattern>
				<mdc />
				<arguments>
					<includeNonStructuredArguments>false</includeNonStructuredArguments>
				</arguments>
				<stackTrace>
					<throwableConverter
						class="net.logstash.logback.stacktrace.ShortenedThrowableConverter">
						<maxDepthPerThrowable>30</maxDepthPerThrowable>
						<maxLength>2048</maxLength>
						<shortenedClassNameLength>20</shortenedClassNameLength>
						<exclude>^sun\.reflect\..*\.invoke</exclude>
						<exclude>^net\.sf\.cglib\.proxy\.MethodProxy\.invoke</exclude>
						<rootCauseFirst>true</rootCauseFirst>
					</throwableConverter>
				</stackTrace>
			</providers>
		</encoder>
	</appender>
	<appender name="ASYNC"
		class="ch.qos.logback.classic.AsyncAppender">
		<appender-ref ref="STDOUT" />
	</appender>



	<root level="INFO">
		<appender-ref ref="ASYNC" />
	</root>

</configuration>
